Model,ROC_AUC,Recall,Precision,F1_Score,Threshold
Gradient Boosting,0.8511685865391582,0.6604651162790698,0.3776595744680851,0.4805414551607445,0.17819431153171575
Ensemble (Voting),0.8686256610881693,0.6465116279069767,0.4371069182389937,0.5215759849906192,0.38934439518413005
Logistic Regression,0.8687068028689416,0.6,0.46236559139784944,0.5222672064777328,0.7395440667555252
Random Forest,0.8538911830761429,0.6,0.39814814814814814,0.47866419294990725,0.21
SVM (Linear),0.86729261754691,0.5441860465116279,0.4854771784232365,0.5131578947368421,0.30040790214433644
Neural Net,0.8045511845251032,0.49767441860465117,0.36394557823129253,0.4204322200392927,0.05628538504242897
