Model,ROC_AUC,Recall,Precision,F1_Score,Threshold
Gradient Boosting,0.8360559298703181,0.6232558139534884,0.36712328767123287,0.46206896551724136,0.18095028287740852
Logistic Regression,0.8441961892342245,0.6186046511627907,0.39233038348082594,0.48014440433212996,0.6707142466588559
Ensemble (Voting),0.8481750344128087,0.5953488372093023,0.43243243243243246,0.5009784735812133,0.3800077684585888
Random Forest,0.8497123813663696,0.5953488372093023,0.41025641025641024,0.4857685009487666,0.21
SVM (Linear),0.8432051003405056,0.5813953488372093,0.42517006802721086,0.4911591355599214,0.24256845006425434
Neural Net,0.8742968919800044,0.5209302325581395,0.5463414634146342,0.5333333333333333,0.47130250930786133
